Workbook

Sheet Mo_Phong_Tung_Buoc
A1: BẢNG TÍNH TOÁN PHÉP NHÂN ĐA THỨC TRONG GF(2^4)
A2: Mô phỏng trực tiếp từng câu lệnh C trong hàm gf2_4(a, b, c) với c = 0b0011 (x^4 + x + 1)
A4: 1. THAM SỐ ĐẦU VÀO CHƯƠNG TRÌNH C (Nhập giá trị tại ô màu vàng C6, C7)
A5: Tham số toán học | B5: Tên biến C | C5: Giá trị (Dec) | D5: Mã Hex | E5: Dạng nhị phân 4-bit | F5: Biểu diễn đa thức
A6: Đa thức a | B6: a | C6: 4 | D6: =VLOOKUP(C6, Bang_Tra_Cuu!$A$5:$B$20, 2, FALSE) -> 0x4 | E6: =VLOOKUP(C6, Bang_Tra_Cuu!$A$5:$D$20, 3, FALSE) -> 0100 | F6: =VLOOKUP(C6, Bang_Tra_Cuu!$A$5:$D$20, 4, FALSE) -> x^2
A7: Đa thức b | B7: b | C7: 3 | D7: =VLOOKUP(C7, Bang_Tra_Cuu!$A$5:$B$20, 2, FALSE) -> 0x3 | E7: =VLOOKUP(C7, Bang_Tra_Cuu!$A$5:$D$20, 3, FALSE) -> 0011 | F7: =VLOOKUP(C7, Bang_Tra_Cuu!$A$5:$D$20, 4, FALSE) -> x + 1
A8: Đa thức khử c | B8: c | C8: 3 | D8: 0x3 | E8: 0011 | F8: x^4 + x + 1 (bỏ bit x^4)
A10: 2. BẢNG MÔ PHỎNG TỪNG CÂU LỆNH C QUA 4 VÒNG LẶP
A11: Vòng lặp (i) | B11: a đầu vào (a) | C11: a (Nhị phân) | D11: b đầu vào (b) | E11: b (Nhị phân) | F11: ket_qua đầu | G11: Bit cuối b (b & 1) | H11: ket_qua sau XOR (^= a) | I11: ket_qua (Nhị phân) | J11: Bit tràn kiem_tra (a & 0b1000) | K11: Dịch trái a (a << 1) & 0b1111 | L11: Khử c (a ^= c nếu kiem_tra) | M11: a cuối bước | N11: Dịch phải b (b >> 1) | O11: Giải thích chi tiết bước thực thi
A12: 0 | B12: =MOD(C6, 16) -> 4 | C12: =VLOOKUP(B12, Bang_Tra_Cuu!$A$5:$D$20, 3, FALSE) -> 0100 | D12: =MOD(C7, 16) -> 3 | E12: =VLOOKUP(D12, Bang_Tra_Cuu!$A$5:$D$20, 3, FALSE) -> 0011 | F12: 0 | G12: =MOD(D12, 2) -> 1 | H12: =IF(G12=1, VLOOKUP(F12, Bang_Tra_Cuu!$J$5:$Z$20, B12+2, FALSE), F12) -> 4 | I12: =VLOOKUP(H12, Bang_Tra_Cuu!$A$5:$D$20, 3, FALSE) -> 0100 | J12: =IF(B12>=8, "TRUE (1)", "FALSE (0)") -> FALSE (0) | K12: =VLOOKUP(MOD(B12*2, 16), Bang_Tra_Cuu!$A$5:$D$20, 3, FALSE) -> 1000 | L12: =IF(B12>=8, "XOR c (0b0011)", "Không XOR") -> Không XOR | M12: =IF(B12>=8, VLOOKUP(MOD(B12*2, 16), Bang_Tra_Cuu!$J$5:$Z$20, $C$8+2, FALSE), MOD(B12*2, 16)) -> 8 | N12: =INT(D12/2) -> 1 | O12: ="Bước " & A12 & ": b&1=" & G12 & " -> ket_qua=" & H12 & ". kiem_tra=" & IF(B12>=8, "CÓ", "KHÔNG") & " tràn bit 3 -> a_out=" & M12 -> Bước 0: b&1=1 -> ket_qua=4. kiem_tra=KHÔNG tràn bit 3 -> a_out=8
A13: 1 | B13: =M12 -> 8 | C13: =VLOOKUP(B13, Bang_Tra_Cuu!$A$5:$D$20, 3, FALSE) -> 1000 | D13: =N12 -> 1 | E13: =VLOOKUP(D13, Bang_Tra_Cuu!$A$5:$D$20, 3, FALSE) -> 0001 | F13: =H12 -> 4 | G13: =MOD(D13, 2) -> 1 | H13: =IF(G13=1, VLOOKUP(F13, Bang_Tra_Cuu!$J$5:$Z$20, B13+2, FALSE), F13) -> 12 | I13: =VLOOKUP(H13, Bang_Tra_Cuu!$A$5:$D$20, 3, FALSE) -> 1100 | J13: =IF(B13>=8, "TRUE (1)", "FALSE (0)") -> TRUE (1) | K13: =VLOOKUP(MOD(B13*2, 16), Bang_Tra_Cuu!$A$5:$D$20, 3, FALSE) -> 0000 | L13: =IF(B13>=8, "XOR c (0b0011)", "Không XOR") -> XOR c (0b0011) | M13: =IF(B13>=8, VLOOKUP(MOD(B13*2, 16), Bang_Tra_Cuu!$J$5:$Z$20, $C$8+2, FALSE), MOD(B13*2, 16)) -> 3 | N13: =INT(D13/2) -> 0 | O13: ="Bước " & A13 & ": b&1=" & G13 & " -> ket_qua=" & H13 & ". kiem_tra=" & IF(B13>=8, "CÓ", "KHÔNG") & " tràn bit 3 -> a_out=" & M13 -> Bước 1: b&1=1 -> ket_qua=12. kiem_tra=CÓ tràn bit 3 -> a_out=3
A14: 2 | B14: =M13 -> 3 | C14: =VLOOKUP(B14, Bang_Tra_Cuu!$A$5:$D$20, 3, FALSE) -> 0011 | D14: =N13 -> 0 | E14: =VLOOKUP(D14, Bang_Tra_Cuu!$A$5:$D$20, 3, FALSE) -> 0000 | F14: =H13 -> 12 | G14: =MOD(D14, 2) -> 0 | H14: =IF(G14=1, VLOOKUP(F14, Bang_Tra_Cuu!$J$5:$Z$20, B14+2, FALSE), F14) -> 12 | I14: =VLOOKUP(H14, Bang_Tra_Cuu!$A$5:$D$20, 3, FALSE) -> 1100 | J14: =IF(B14>=8, "TRUE (1)", "FALSE (0)") -> FALSE (0) | K14: =VLOOKUP(MOD(B14*2, 16), Bang_Tra_Cuu!$A$5:$D$20, 3, FALSE) -> 0110 | L14: =IF(B14>=8, "XOR c (0b0011)", "Không XOR") -> Không XOR | M14: =IF(B14>=8, VLOOKUP(MOD(B14*2, 16), Bang_Tra_Cuu!$J$5:$Z$20, $C$8+2, FALSE), MOD(B14*2, 16)) -> 6 | N14: =INT(D14/2) -> 0 | O14: ="Bước " & A14 & ": b&1=" & G14 & " -> ket_qua=" & H14 & ". kiem_tra=" & IF(B14>=8, "CÓ", "KHÔNG") & " tràn bit 3 -> a_out=" & M14 -> Bước 2: b&1=0 -> ket_qua=12. kiem_tra=KHÔNG tràn bit 3 -> a_out=6
A15: 3 | B15: =M14 -> 6 | C15: =VLOOKUP(B15, Bang_Tra_Cuu!$A$5:$D$20, 3, FALSE) -> 0110 | D15: =N14 -> 0 | E15: =VLOOKUP(D15, Bang_Tra_Cuu!$A$5:$D$20, 3, FALSE) -> 0000 | F15: =H14 -> 12 | G15: =MOD(D15, 2) -> 0 | H15: =IF(G15=1, VLOOKUP(F15, Bang_Tra_Cuu!$J$5:$Z$20, B15+2, FALSE), F15) -> 12 | I15: =VLOOKUP(H15, Bang_Tra_Cuu!$A$5:$D$20, 3, FALSE) -> 1100 | J15: =IF(B15>=8, "TRUE (1)", "FALSE (0)") -> FALSE (0) | K15: =VLOOKUP(MOD(B15*2, 16), Bang_Tra_Cuu!$A$5:$D$20, 3, FALSE) -> 1100 | L15: =IF(B15>=8, "XOR c (0b0011)", "Không XOR") -> Không XOR | M15: =IF(B15>=8, VLOOKUP(MOD(B15*2, 16), Bang_Tra_Cuu!$J$5:$Z$20, $C$8+2, FALSE), MOD(B15*2, 16)) -> 12 | N15: =INT(D15/2) -> 0 | O15: ="Bước " & A15 & ": b&1=" & G15 & " -> ket_qua=" & H15 & ". kiem_tra=" & IF(B15>=8, "CÓ", "KHÔNG") & " tràn bit 3 -> a_out=" & M15 -> Bước 3: b&1=0 -> ket_qua=12. kiem_tra=KHÔNG tràn bit 3 -> a_out=12
A17: 3. KẾT QUẢ ĐẦU RA CUỐI CÙNG HÀM C
A18: Giá trị KET_QUA (Dec): | B18: =H15 -> 12 | C18: Mã Hex: | D18: =VLOOKUP(B18, Bang_Tra_Cuu!$A$5:$B$20, 2, FALSE) -> 0xC | E18: Nhị phân 4-bit: | F18: =VLOOKUP(B18, Bang_Tra_Cuu!$A$5:$D$20, 3, FALSE) -> 1100 | G18: Biểu diễn đa thức R(x): | H18: =VLOOKUP(B18, Bang_Tra_Cuu!$A$5:$D$20, 4, FALSE) -> x^3 + x^2

Sheet Kich_Ban_Kiem_Thu
A1: ĐỐI CHIẾU CÁC KỊCH BẢN KIỂM THỬ TRONG CHƯƠNG TRÌNH C
A2: Mô phỏng 5 Test Vectors thực nghiệm và đối chiếu kết quả hàm gf2_4(a, b, c)
A4: KỊCH BẢN 1: Test 1: a = 10 (0xA), b = 5 (0x5)
A5: Bước (i) | B5: a_in | C5: a_in (Bin) | D5: b_in | E5: b_in (Bin) | F5: res_in | G5: b & 1 | H5: res_mới | I5: res_mới (Bin) | J5: kiem_tra (a & 0b1000) | K5: a_out | L5: b_out
A6: 0 | B6: 10 | C6: 1010 | D6: 5 | E6: 0101 | F6: 0 | G6: 1 | H6: 10 | I6: 1010 | J6: TRUE | K6: 7 | L6: 2
A7: 1 | B7: 7 | C7: 0111 | D7: 2 | E7: 0010 | F7: 10 | G7: 0 | H7: 10 | I7: 1010 | J7: FALSE | K7: 14 | L7: 1
A8: 2 | B8: 14 | C8: 1110 | D8: 1 | E8: 0001 | F8: 10 | G8: 1 | H8: 4 | I8: 0100 | J8: TRUE | K8: 15 | L8: 0
A9: 3 | B9: 15 | C9: 1111 | D9: 0 | E9: 0000 | F9: 4 | G9: 0 | H9: 4 | I9: 0100 | J9: TRUE | K9: 13 | L9: 0
A13: KỊCH BẢN 2: Test 2: a = 2 (0x2), b = 3 (0x3)
A14: Bước (i) | B14: a_in | C14: a_in (Bin) | D14: b_in | E14: b_in (Bin) | F14: res_in | G14: b & 1 | H14: res_mới | I14: res_mới (Bin) | J14: kiem_tra (a & 0b1000) | K14: a_out | L14: b_out
A15: 0 | B15: 2 | C15: 0010 | D15: 3 | E15: 0011 | F15: 0 | G15: 1 | H15: 2 | I15: 0010 | J15: FALSE | K15: 4 | L15: 1
A16: 1 | B16: 4 | C16: 0100 | D16: 1 | E16: 0001 | F16: 2 | G16: 1 | H16: 6 | I16: 0110 | J16: FALSE | K16: 8 | L16: 0
A17: 2 | B17: 8 | C17: 1000 | D17: 0 | E17: 0000 | F17: 6 | G17: 0 | H17: 6 | I17: 0110 | J17: TRUE | K17: 3 | L17: 0
A18: 3 | B18: 3 | C18: 0011 | D18: 0 | E18: 0000 | F18: 6 | G18: 0 | H18: 6 | I18: 0110 | J18: FALSE | K18: 6 | L18: 0
A22: KỊCH BẢN 3: Test 3: a = 8 (0x8), b = 2 (0x2)
A23: Bước (i) | B23: a_in | C23: a_in (Bin) | D23: b_in | E23: b_in (Bin) | F23: res_in | G23: b & 1 | H23: res_mới | I23: res_mới (Bin) | J23: kiem_tra (a & 0b1000) | K23: a_out | L23: b_out
A24: 0 | B24: 8 | C24: 1000 | D24: 2 | E24: 0010 | F24: 0 | G24: 0 | H24: 0 | I24: 0000 | J24: TRUE | K24: 3 | L24: 1
A25: 1 | B25: 3 | C25: 0011 | D25: 1 | E25: 0001 | F25: 0 | G25: 1 | H25: 3 | I25: 0011 | J25: FALSE | K25: 6 | L25: 0
A26: 2 | B26: 6 | C26: 0110 | D26: 0 | E26: 0000 | F26: 3 | G26: 0 | H26: 3 | I26: 0011 | J26: FALSE | K26: 12 | L26: 0
A27: 3 | B27: 12 | C27: 1100 | D27: 0 | E27: 0000 | F27: 3 | G27: 0 | H27: 3 | I27: 0011 | J27: TRUE | K27: 11 | L27: 0
A31: KỊCH BẢN 4: Test 4: a = 5 (0x5), b = 11 (0xB)
A32: Bước (i) | B32: a_in | C32: a_in (Bin) | D32: b_in | E32: b_in (Bin) | F32: res_in | G32: b & 1 | H32: res_mới | I32: res_mới (Bin) | J32: kiem_tra (a & 0b1000) | K32: a_out | L32: b_out
A33: 0 | B33: 5 | C33: 0101 | D33: 11 | E33: 1011 | F33: 0 | G33: 1 | H33: 5 | I33: 0101 | J33: FALSE | K33: 10 | L33: 5
A34: 1 | B34: 10 | C34: 1010 | D34: 5 | E34: 0101 | F34: 5 | G34: 1 | H34: 15 | I34: 1111 | J34: TRUE | K34: 7 | L34: 2
A35: 2 | B35: 7 | C35: 0111 | D35: 2 | E35: 0010 | F35: 15 | G35: 0 | H35: 15 | I35: 1111 | J35: FALSE | K35: 14 | L35: 1
A36: 3 | B36: 14 | C36: 1110 | D36: 1 | E36: 0001 | F36: 15 | G36: 1 | H36: 1 | I36: 0001 | J36: TRUE | K36: 15 | L36: 0
A40: KỊCH BẢN 5: Test 5: a = 15 (0xF), b = 15 (0xF)
A41: Bước (i) | B41: a_in | C41: a_in (Bin) | D41: b_in | E41: b_in (Bin) | F41: res_in | G41: b & 1 | H41: res_mới | I41: res_mới (Bin) | J41: kiem_tra (a & 0b1000) | K41: a_out | L41: b_out
A42: 0 | B42: 15 | C42: 1111 | D42: 15 | E42: 1111 | F42: 0 | G42: 1 | H42: 15 | I42: 1111 | J42: TRUE | K42: 13 | L42: 7
A43: 1 | B43: 13 | C43: 1101 | D43: 7 | E43: 0111 | F43: 15 | G43: 1 | H43: 2 | I43: 0010 | J43: TRUE | K43: 9 | L43: 3
A44: 2 | B44: 9 | C44: 1001 | D44: 3 | E44: 0011 | F44: 2 | G44: 1 | H44: 11 | I44: 1011 | J44: TRUE | K44: 1 | L44: 1
A45: 3 | B45: 1 | C45: 0001 | D45: 1 | E45: 0001 | F45: 11 | G45: 1 | H45: 10 | I45: 1010 | J45: FALSE | K45: 2 | L45: 0

Sheet Bang_Nhan_16x16
A1: BẢNG CỬU CHƯƠNG NHÂN TOÀN TRƯỜNG GF(2^4) (16 x 16)
A2: Tính toán toàn bộ 256 phép nhân trong GF(2^4) với c = 0b0011 (x^4 + x + 1)
A4: a \ b | B4: Đa thức a | C4: 0x0 (0) | D4: 0x1 (1) | E4: 0x2 (2) | F4: 0x3 (3) | G4: 0x4 (4) | H4: 0x5 (5) | I4: 0x6 (6) | J4: 0x7 (7) | K4: 0x8 (8) | L4: 0x9 (9) | M4: 0xA (10) | N4: 0xB (11) | O4: 0xC (12) | P4: 0xD (13) | Q4: 0xE (14) | R4: 0xF (15)
A5: 0x0 (0) | B5: 0 | C5: 0 | D5: 0 | E5: 0 | F5: 0 | G5: 0 | H5: 0 | I5: 0 | J5: 0 | K5: 0 | L5: 0 | M5: 0 | N5: 0 | O5: 0 | P5: 0 | Q5: 0 | R5: 0
A6: 0x1 (1) | B6: 1 | C6: 0 | D6: 1 | E6: 2 | F6: 3 | G6: 4 | H6: 5 | I6: 6 | J6: 7 | K6: 8 | L6: 9 | M6: 10 | N6: 11 | O6: 12 | P6: 13 | Q6: 14 | R6: 15
A7: 0x2 (2) | B7: x | C7: 0 | D7: 2 | E7: 4 | F7: 6 | G7: 8 | H7: 10 | I7: 12 | J7: 14 | K7: 3 | L7: 1 | M7: 7 | N7: 5 | O7: 11 | P7: 9 | Q7: 15 | R7: 13
A8: 0x3 (3) | B8: x + 1 | C8: 0 | D8: 3 | E8: 6 | F8: 5 | G8: 12 | H8: 15 | I8: 10 | J8: 9 | K8: 11 | L8: 8 | M8: 13 | N8: 14 | O8: 7 | P8: 4 | Q8: 1 | R8: 2
A9: 0x4 (4) | B9: x^2 | C9: 0 | D9: 4 | E9: 8 | F9: 12 | G9: 3 | H9: 7 | I9: 11 | J9: 15 | K9: 6 | L9: 2 | M9: 14 | N9: 10 | O9: 5 | P9: 1 | Q9: 13 | R9: 9
A10: 0x5 (5) | B10: x^2 + 1 | C10: 0 | D10: 5 | E10: 10 | F10: 15 | G10: 7 | H10: 2 | I10: 13 | J10: 8 | K10: 14 | L10: 11 | M10: 4 | N10: 1 | O10: 9 | P10: 12 | Q10: 3 | R10: 6
A11: 0x6 (6) | B11: x^2 + x | C11: 0 | D11: 6 | E11: 12 | F11: 10 | G11: 11 | H11: 13 | I11: 7 | J11: 1 | K11: 5 | L11: 3 | M11: 9 | N11: 15 | O11: 14 | P11: 8 | Q11: 2 | R11: 4
A12: 0x7 (7) | B12: x^2 + x + 1 | C12: 0 | D12: 7 | E12: 14 | F12: 9 | G12: 15 | H12: 8 | I12: 1 | J12: 6 | K12: 13 | L12: 10 | M12: 3 | N12: 4 | O12: 2 | P12: 5 | Q12: 12 | R12: 11
A13: 0x8 (8) | B13: x^3 | C13: 0 | D13: 8 | E13: 3 | F13: 11 | G13: 6 | H13: 14 | I13: 5 | J13: 13 | K13: 12 | L13: 4 | M13: 15 | N13: 7 | O13: 10 | P13: 2 | Q13: 9 | R13: 1
A14: 0x9 (9) | B14: x^3 + 1 | C14: 0 | D14: 9 | E14: 1 | F14: 8 | G14: 2 | H14: 11 | I14: 3 | J14: 10 | K14: 4 | L14: 13 | M14: 5 | N14: 12 | O14: 6 | P14: 15 | Q14: 7 | R14: 14
A15: 0xA (10) | B15: x^3 + x | C15: 0 | D15: 10 | E15: 7 | F15: 13 | G15: 14 | H15: 4 | I15: 9 | J15: 3 | K15: 15 | L15: 5 | M15: 8 | N15: 2 | O15: 1 | P15: 11 | Q15: 6 | R15: 12
A16: 0xB (11) | B16: x^3 + x + 1 | C16: 0 | D16: 11 | E16: 5 | F16: 14 | G16: 10 | H16: 1 | I16: 15 | J16: 4 | K16: 7 | L16: 12 | M16: 2 | N16: 9 | O16: 13 | P16: 6 | Q16: 8 | R16: 3
... A20: 0xF (15) | B20: x^3 + x^2 + x + 1 | C20: 0 | D20: 15 | E20: 13 | F20: 2 | G20: 9 | H20: 6 | I20: 4 | J20: 11 | K20: 1 | L20: 14 | M20: 12 | N20: 3 | O20: 8 | P20: 7 | Q20: 5 | R20: 10

Sheet Bang_Tra_Cuu
A1: BẢNG TRA CỨU PHẦN TỬ TRƯỜNG HỮU HẠN GF(2^4)
A2: Quy đổi đầy đủ 16 phần tử GF(2^4) với c = 0b0011 (x^4 + x + 1)
A4: Thập phân | B4: Mã Hex | C4: Nhị phân (4-bit) | D4: Biểu diễn đa thức f(x) | E4: Bậc đa thức | F4: Nghịch đảo nhân a^-1 (Dec) | G4: Nghịch đảo nhân (Hex) | H4: Đa thức nghịch đảo | J4: XOR Table (0..15) | K4: 0 | L4: 1 | M4: 2 | N4: 3 | O4: 4 | P4: 5 | Q4: 6 | R4: 7 | S4: 8 | T4: 9 | U4: 10 | V4: 11 | W4: 12 | X4: 13 | Y4: 14 | Z4: 15
A5: 0 | B5: 0x0 | C5: 0000 | D5: 0 | E5: - | F5: Không có | G5: - | H5: - | J5: 0 | K5: 0 | L5: 1 | M5: 2 | N5: 3 | O5: 4 | P5: 5 | Q5: 6 | R5: 7 | S5: 8 | T5: 9 | U5: 10 | V5: 11 | W5: 12 | X5: 13 | Y5: 14 | Z5: 15
A6: 1 | B6: 0x1 | C6: 0001 | D6: 1 | E6: 0 | F6: 1 | G6: 0x1 | H6: 1 | J6: 1 | K6: 1 | L6: 0 | M6: 3 | N6: 2 | O6: 5 | P6: 4 | Q6: 7 | R6: 6 | S6: 9 | T6: 8 | U6: 11 | V6: 10 | W6: 13 | X6: 12 | Y6: 15 | Z6: 14
A7: 2 | B7: 0x2 | C7: 0010 | D7: x | E7: 1 | F7: 9 | G7: 0x9 | H7: x^3 + 1 | J7: 2 | K7: 2 | L7: 3 | M7: 0 | N7: 1 | O7: 6 | P7: 7 | Q7: 4 | R7: 5 | S7: 10 | T7: 11 | U7: 8 | V7: 9 | W7: 14 | X7: 15 | Y7: 12 | Z7: 13
A8: 3 | B8: 0x3 | C8: 0011 | D8: x + 1 | E8: 1 | F8: 14 | G8: 0xE | H8: x^3 + x^2 + x | J8: 3 | K8: 3 | L8: 2 | M8: 1 | N8: 0 | O8: 7 | P8: 6 | Q8: 5 | R8: 4 | S8: 11 | T8: 10 | U8: 9 | V8: 8 | W8: 15 | X8: 14 | Y8: 13 | Z8: 12
A9: 4 | B9: 0x4 | C9: 0100 | D9: x^2 | E9: 2 | F9: 13 | G9: 0xD | H9: x^3 + x^2 + 1 | J9: 4 | K9: 4 | L9: 5 | M9: 6 | N9: 7 | O9: 0 | P9: 1 | Q9: 2 | R9: 3 | S9: 12 | T9: 13 | U9: 14 | V9: 15 | W9: 8 | X9: 9 | Y9: 10 | Z9: 11
A10: 5 | B10: 0x5 | C10: 0101 | D10: x^2 + 1 | E10: 2 | F10: 11 | G10: 0xB | H10: x^3 + x + 1 | J10: 5 | K10: 5 | L10: 4 | M10: 7 | N10: 6 | O10: 1 | P10: 0 | Q10: 3 | R10: 2 | S10: 13 | T10: 12 | U10: 15 | V10: 14 | W10: 9 | X10: 8 | Y10: 11 | Z10: 10
A11: 6 | B11: 0x6 | C11: 0110 | D11: x^2 + x | E11: 2 | F11: 7 | G11: 0x7 | H11: x^2 + x + 1 | J11: 6 | K11: 6 | L11: 7 | M11: 4 | N11: 5 | O11: 2 | P11: 3 | Q11: 0 | R11: 1 | S11: 14 | T11: 15 | U11: 12 | V11: 13 | W11: 10 | X11: 11 | Y11: 8 | Z11: 9
A12: 7 | B12: 0x7 | C12: 0111 | D12: x^2 + x + 1 | E12: 2 | F12: 6 | G12: 0x6 | H12: x^2 + x | J12: 7 | K12: 7 | L12: 6 | M12: 5 | N12: 4 | O12: 3 | P12: 2 | Q12: 1 | R12: 0 | S12: 15 | T12: 14 | U12: 13 | V12: 12 | W12: 11 | X12: 10 | Y12: 9 | Z12: 8
A13: 8 | B13: 0x8 | C13: 1000 | D13: x^3 | E13: 3 | F13: 15 | G13: 0xF | H13: x^3 + x^2 + x + 1 | J13: 8 | K13: 8 | L13: 9 | M13: 10 | N13: 11 | O13: 12 | P13: 13 | Q13: 14 | R13: 15 | S13: 0 | T13: 1 | U13: 2 | V13: 3 | W13: 4 | X13: 5 | Y13: 6 | Z13: 7
A14: 9 | B14: 0x9 | C14: 1001 | D14: x^3 + 1 | E14: 3 | F14: 2 | G14: 0x2 | H14: x | J14: 9 | K14: 9 | L14: 8 | M14: 11 | N14: 10 | O14: 13 | P14: 12 | Q14: 15 | R14: 14 | S14: 1 | T14: 0 | U14: 3 | V14: 2 | W14: 5 | X14: 4 | Y14: 7 | Z14: 6
A15: 10 | B15: 0xA | C15: 1010 | D15: x^3 + x | E15: 3 | F15: 12 | G15: 0xC | H15: x^3 + x^2 | J15: 10 | K15: 10 | L15: 11 | M15: 8 | N15: 9 | O15: 14 | P15: 15 | Q15: 12 | R15: 13 | S15: 2 | T15: 3 | U15: 0 | V15: 1 | W15: 6 | X15: 7 | Y15: 4 | Z15: 5
A16: 11 | B16: 0xB | C16: 1011 | D16: x^3 + x + 1 | E16: 3 | F16: 5 | G16: 0x5 | H16: x^2 + 1 | J16: 11 | K16: 11 | L16: 10 | M16: 9 | N16: 8 | O16: 15 | P16: 14 | Q16: 13 | R16: 12 | S16: 3 | T16: 2 | U16: 1 | V16: 0 | W16: 7 | X16: 6 | Y16: 5 | Z16: 4
A17: 12 | B17: 0xC | C17: 1100 | D17: x^3 + x^2 | E17: 3 | F17: 10 | G17: 0xA | H17: x^3 + x | J17: 12 | K17: 12 | L17: 13 | M17: 14 | N17: 15 | O17: 8 | P17: 9 | Q17: 10 | R17: 11 | S17: 4 | T17: 5 | U17: 6 | V17: 7 | W17: 0 | X17: 1 | Y17: 2 | Z17: 3
... A20: 15 | B20: 0xF | C20: 1111 | D20: x^3 + x^2 + x + 1 | E20: 3 | F20: 8 | G20: 0x8 | H20: x^3 | J20: 15 | K20: 15 | L20: 14 | M20: 13 | N20: 12 | O20: 11 | P20: 10 | Q20: 9 | R20: 8 | S20: 7 | T20: 6 | U20: 5 | V20: 4 | W20: 3 | X20: 2 | Y20: 1 | Z20: 0
